,year,budget_2013$
0,2013,13000000
1,2012,45658735
2,2013,20000000
3,2013,61000000
4,2013,40000000
5,2013,225000000
6,2013,92000000
7,2013,12000000
8,2013,13000000
9,2013,130000000
10,2013,40000000
11,2013,25000000
12,2013,50000000
13,2013,18000000
14,2013,55000000
15,2013,30000000
16,2013,78000000
17,2013,76000000
18,2013,5500000
19,2013,120000000
20,2013,110000000
21,2013,100000000
22,2013,40000000
23,2013,70000000
24,2013,17000000
25,2013,160000000
26,2013,150000000
27,2013,140000000
28,2013,60000000
29,2013,30000000
30,2013,110000000
31,2013,80000000
32,2013,50000000
33,2013,23000000
34,2013,35000000
35,2013,5000000
36,2013,200000000
37,2013,195000000
38,2013,28000000
39,2013,28000000
40,2013,30000000
41,2013,2000000
42,2013,15000000
43,2013,225000000
44,2013,12000000
45,2013,75000000
46,2013,120000000
47,2013,70000000
48,2013,200000000
49,2013,190000000
50,2013,26000000
51,2013,35000000
52,2013,15000000
53,2013,90000000
54,2013,46000000
55,2013,130000000
56,2013,84000000
57,2013,38000000
58,2013,30000000
59,2013,38000000
60,2013,28000000
61,2013,35000000
62,2013,30000000
63,2013,190000000
64,2013,20000000
65,2013,32500000
66,2013,19000000
67,2013,13000000
68,2013,20000000
69,2013,25000000
70,2013,135000000
71,2013,30000000
72,2013,26000000
74,2013,190000000
75,2013,103000000
76,2013,43000000
77,2013,250000000
78,2013,50000000
79,2013,130000000
80,2013,32000000
81,2013,58000000
82,2013,4000000
83,2013,275000000
84,2013,60000000
85,2013,3000000
86,2013,110000000
87,2013,1500000
88,2013,5000000
89,2013,100000000
90,2013,115000000
91,2013,20000000
92,2013,32000000
93,2013,170000000
94,2013,16000000
95,2013,135000000
96,2013,30000000
97,2013,37000000
98,2013,150000000
99,2013,190000000
100,2012,68488103
101,2012,12175663
102,2012,9841994
103,2012,49717290
104,2012,45151416
105,2012,212059460
106,2012,1826349
107,2012,1217566
108,2012,187708135
109,2012,55805121
110,2012,1014639
111,2012,12175663
112,2012,103493134
113,2012,25365964
114,2012,101463857
115,2012,31453796
116,2012,39570904
117,2012,88273555
118,2012,86244278
119,2012,60878314
120,2012,3500503
121,2012,279025606
122,2012,15219578
123,2012,65951507
124,2012,121756628
125,2012,65951507
126,2012,147122592
127,2012,218147292
128,2012,86244278
129,2012,16234217
130,2012,8117109
131,2012,42614820
132,2012,5073193
133,2012,60878314
134,2012,25365964
135,2012,16234217
136,2012,17248856
137,2012,35512350
138,2012,65951507
139,2012,58849037
140,2012,147122592
141,2012,71024700
142,2012,33483073
143,2012,760979
144,2012,13697621
145,2012,20292771
146,2012,21307410
147,2012,3043916
148,2012,202927713
149,2012,172488556
150,2012,10146386
151,2012,5073193
152,2012,33483073
153,2012,60878
154,2012,50731928
155,2012,68488103
156,2012,223220484
157,2012,60878314
158,2012,279025606
159,2012,1014639
160,2012,65951507
161,2012,101463857
162,2012,25365964
163,2012,253659641
164,2012,81171085
165,2012,40585543
166,2012,15219578
167,2012,38048946
168,2012,55805121
169,2012,15219578
170,2012,138193773
171,2012,8866236
172,2012,55805121
173,2012,15219578
174,2012,6087831
175,2012,12175663
176,2012,21814729
177,2012,126829821
178,2012,71024700
179,2012,32975753
180,2012,38048946
181,2012,19278133
182,2012,152195785
183,2012,167415363
184,2012,53268525
185,2011,28999342
186,2011,8285526
187,2011,20713816
188,2011,4142763
189,2011,20713816
190,2011,181246
191,2011,5178454
192,2011,88033717
193,2011,13463980
194,2011,19678125
195,2011,72498355
196,2011,17606743
197,2011,4660609
198,2011,33659951
199,2011,144996710
200,2011,207138157
201,2011,932122
202,2011,41427631
203,2011,20713816
204,2011,62141447
205,2011,10356908
206,2011,168817598
208,2011,18642434
209,2011,38320559
210,2011,51784539
211,2011,15535362
212,2011,129461348
213,2011,41427631
214,2011,24856579
215,2011,31070724
216,2011,207138157
217,2011,37284868
218,2011,31070724
219,2011,129461348
220,2011,23820888
221,2011,7249836
222,2011,1864243
223,2011,3107072
224,2011,65248520
225,2011,36249178
226,2011,186424342
227,2011,51784539
228,2011,77676809
229,2011,36249178
230,2011,5696299
231,2011,103569079
232,2011,46606085
233,2011,7249836
234,2011,82855263
235,2011,828553
236,2011,72498355
237,2011,155353618
238,2011,5696299
239,2011,258923
240,2011,27963651
241,2011,14499671
242,2011,3521349
243,2011,155353618
244,2011,1035691
245,2011,9735493
246,2011,31070724
247,2011,150175164
248,2011,51784539
249,2011,56962993
250,2011,26927960
251,2011,25892270
252,2011,1035691
253,2011,5178454
254,2011,5178454
255,2011,41427631
256,2011,258922697
257,2011,62141447
258,2011,134639802
259,2011,139818256
260,2011,113925987
261,2011,43499013
262,2011,4142763
263,2011,8285526
264,2011,93212171
265,2011,96319243
266,2011,6731990
267,2011,6214145
268,2011,18642434
269,2011,33142105
270,2011,25892270
271,2011,77676809
272,2011,51784539
273,2011,4919531
274,2011,51991677
275,2011,134639802
276,2011,16571053
277,2011,10356908
278,2011,31070724
279,2011,36042039
280,2011,3107072
281,2011,1035691
282,2011,93212171
283,2011,113925987
284,2011,6214145
285,2011,25892270
286,2011,14499671
287,2011,41427631
288,2011,44016858
289,2011,46606085
290,2011,38320559
291,2011,16571053
292,2011,113925987
293,2011,93212171
294,2011,36249178
295,2011,132050575
296,2011,155353618
297,2011,21749507
298,2011,88033717
299,2011,201959703
300,2011,72498355
301,2011,25892270
302,2011,51784539
303,2011,196781
304,2011,20713816
305,2011,31070724
306,2011,165710526
307,2011,12428289
308,2011,124283
309,2010,19228173
310,2010,213646368
311,2010,4486574
312,2010,8545855
313,2010,32046955
314,2010,3418342
315,2010,37388114
316,2010,13887014
317,2010,1068232
318,2010,58752751
319,2010,13352898
320,2010,16023478
321,2010,47002201
322,2010,133528980
323,2010,13352898
324,2010,39524578
325,2010,16023478
326,2010,7477623
327,2010,58752751
328,2010,26705796
329,2010,73707997
330,2010,10682318
331,2010,16023478
332,2010,73707997
333,2010,26705796
334,2010,69435070
335,2010,21364637
336,2010,8545855
337,2010,64093910
338,2010,64093910
339,2010,5341159
340,2010,53411592
341,2010,12818782
342,2010,22432869
343,2010,160234776
344,2010,42729274
345,2010,34183419
346,2010,106823184
347,2010,80117388
348,2010,10575495
349,2010,133528980
350,2010,38456346
351,2010,176258254
352,2010,10682318
353,2010,170917095
354,2010,1602348
355,2010,181599413
356,2010,8545855
357,2010,29910492
358,2010,124983125
359,2010,27774028
360,2010,21364637
361,2010,32046955
362,2010,32046955
363,2010,13352898
364,2010,8545855
365,2010,2136464
366,2010,138870139
367,2010,534116
368,2010,42729274
369,2010,37388114
370,2010,16023478
371,2010,3204696
372,2010,101482025
373,2010,3204696
374,2010,42729274
375,2010,213646368
376,2010,5341159
377,2010,16023478
378,2010,64093910
379,2010,17091709
380,2010,34183419
381,2010,224328687
382,2010,138870139
383,2010,90799707
384,2010,37388114
385,2010,101482025
386,2010,176258254
387,2010,85458547
388,2010,10682318
389,2010,7477623
390,2010,2029641
391,2010,2670580
392,2010,34183419
393,2010,277740279
394,2010,117505503
395,2010,37388114
396,2010,165575935
397,2010,26705796
398,2010,20296405
399,2010,21364637
400,2010,87595011
401,2010,11750550
402,2010,48070433
403,2010,17625825
404,2010,42729274
405,2010,4272927
406,2010,13887014
407,2010,16023478
408,2010,160234776
409,2010,1922817
410,2010,26705796
411,2010,32046955
412,2010,106823184
413,2010,10148202
414,2010,42729274
415,2010,170917095
416,2010,29910492
417,2010,20296405
418,2010,21364637
419,2010,106823184
420,2010,39524578
421,2010,72639765
422,2010,160234776
423,2010,53412
424,2010,213646368
425,2010,213646368
426,2010,37388114
427,2010,5341159
428,2010,101482025
429,2010,55548056
430,2010,74776229
431,2010,10682318
432,2010,8545855
433,2010,2136464
435,2010,85458547
436,2010,21364637
437,2010,16023478
438,2009,8142987
439,2009,43429264
440,2009,217146319
441,2009,32571948
442,2009,15200242
443,2009,7600121
444,2009,7600121
445,2009,3474341
446,2009,10640170
447,2009,76001212
448,2009,1085732
449,2009,16285974
450,2009,8142987
451,2009,162859739
452,2009,21714632
453,2009,70572554
454,2009,461435929
455,2009,22800364
456,2009,45600727
457,2009,32571948
458,2009,9228719
459,2009,18457437
460,2009,28229022
461,2009,21714632
462,2009,29314753
463,2009,14114511
464,2009,108573160
465,2009,24971827
466,2009,65143896
467,2009,21714632
468,2009,868585
469,2009,32571948
470,2009,32571948
471,2009,17371706
472,2009,21714632
473,2009,43429264
474,2009,92287186
475,2009,21714632
476,2009,3257195
477,2009,18457437
478,2009,78715541
479,2009,162859739
480,2009,190003029
481,2009,54286580
482,2009,7600121
483,2009,7925841
484,2009,271432899
485,2009,43429264
486,2009,19543169
487,2009,14114511
488,2009,43429264
489,2009,97715844
490,2009,76001212
491,2009,53200848
492,2009,92287186
493,2009,17371706
494,2009,43429264
495,2009,54286580
496,2009,57543775
497,2009,4885792
498,2009,45600727
499,2009,190003029
500,2009,5428658
501,2009,7600121
502,2009,15200242
503,2009,29857619
504,2009,86858528
505,2009,54286580
506,2009,2062890
507,2009,13028779
508,2009,4668646
509,2009,43429264
510,2009,7165829
511,2009,65143896
512,2009,10857316
513,2009,111287489
514,2009,41257801
515,2009,97715844
516,2009,32571948
517,2009,152002424
518,2009,65143896
519,2009,86858528
520,2009,217146319
521,2009,38000606
522,2009,54286580
523,2009,8685853
524,2009,27143290
525,2009,9011572
526,2009,43429264
527,2009,10857316
528,2009,97715844
529,2009,1411451
530,2009,10857316
531,2009,38000606
532,2009,32571948
533,2009,23886095
534,2009,20086035
535,2009,19543169
536,2009,103144502
537,2009,26057558
538,2009,7057255
539,2009,114001818
540,2009,43429264
541,2009,27143290
542,2009,8685853
543,2009,65143896
544,2009,119430476
545,2009,42343532
546,2009,41257801
547,2009,17371706
548,2009,38000606
549,2009,228003635
550,2009,190003029
551,2009,32571948
553,2009,149830960
554,2009,16285974
555,2009,108573160
556,2009,16285974
557,2009,38000606
558,2009,162859739
560,2009,19543169
561,2009,25623266
562,2008,37878971
563,2008,21645126
564,2008,140693320
565,2008,32467689
566,2008,21645126
567,2008,86580505
568,2008,27056408
569,2008,162338447
570,2008,40043484
571,2008,59524097
572,2008,62770866
573,2008,41125740
574,2008,27056408
576,2008,70346660
577,2008,54112816
578,2008,7575794
579,2008,35714458
580,2008,21645126
581,2008,86580505
582,2008,15151588
583,2008,541128
584,2008,27056408
585,2008,32467689
586,2008,86580505
587,2008,31385433
588,2008,1082256
589,2008,36796715
590,2008,21645126
591,2008,27056408
592,2008,9740307
593,2008,162338447
594,2008,89286146
595,2008,11904819
596,2008,32467689
597,2008,16233845
598,2008,200217418
599,2008,64935379
600,2008,201299674
601,2008,48701534
602,2008,89286146
603,2008,140693320
604,2008,4870153
605,2008,43290252
606,2008,37878971
607,2008,64935379
608,2008,21645126
609,2008,48701534
610,2008,10822563
611,2008,40043484
612,2008,28138664
613,2008,1623384
614,2008,27056408
615,2008,19480614
616,2008,248918952
617,2008,12987076
618,2008,12987076
619,2008,48701534
620,2008,19480614
621,2008,58441841
622,2008,62229738
623,2008,15151588
624,2008,129870757
626,2008,70346660
627,2008,5411282
628,2008,21645126
629,2008,27056408
630,2008,21645126
631,2008,21645126
632,2008,243507670
633,2008,173161010
634,2008,200217418
635,2008,86580505
636,2008,12987076
637,2008,59524097
638,2008,27056408
639,2008,16233845
640,2008,148810243
641,2008,15151588
642,2008,43290252
643,2008,35173330
644,2008,11904819
645,2008,29220920
646,2008,9740307
647,2008,64935379
648,2008,17316101
649,2008,6493538
650,2008,21645126
651,2008,16233845
652,2008,97403068
653,2008,40043484
654,2008,97403068
655,2008,17316101
656,2008,194806136
657,2008,2164513
658,2008,81169223
659,2008,29762049
660,2008,324677
661,2008,37878971
662,2008,54112816
663,2007,2359441
664,2007,25279728
665,2007,16853152
666,2007,53930087
667,2007,33706305
668,2007,33706305
669,2007,50559457
670,2007,33706305
671,2007,18538467
672,2007,168531522
673,2007,68536152
674,2007,28088587
675,2007,8988348
676,2007,13482522
677,2007,84265761
678,2007,23594413
679,2007,3089745
680,2007,22470870
681,2007,56177174
682,2007,95501196
683,2007,134825218
684,2007,21347326
685,2007,84265761
686,2007,16853152
687,2007,56177174
688,2007,168531522
689,2007,19662011
690,2007,8426576
691,2007,17976696
692,2007,28088587
693,2007,168531522
694,2007,22470870
695,2007,7864804
696,2007,30897446
697,2007,14044294
698,2007,123589783
699,2007,24156185
700,2007,44941739
701,2007,28088587
702,2007,31459218
703,2007,505595
704,2007,8201867
705,2007,337063045
706,2007,22470870
707,2007,168531522
708,2007,50559457
709,2007,202237827
710,2007,67412609
711,2007,179766957
712,2007,12808396
713,2007,78648044
714,2007,44941739
715,2007,19662011
716,2007,18538467
717,2007,2247087
718,2007,50559457
719,2007,230326414
720,2007,22470870
722,2007,17976696
723,2007,14606065
724,2007,35953391
725,2007,10111891
726,2007,56177
727,2007,81456903
728,2007,4494174
729,2007,28088587
730,2007,39324022
731,2007,169655066
732,2007,7345604
733,2007,1685315
734,2007,31459218
735,2007,11235435
736,2006,69347781
737,2006,23115927
738,2006,9246371
739,2006,13869556
740,2006,40452872
741,2006,10402167
742,2006,115579635
743,2006,9246371
744,2006,20804334
745,2006,4623185
746,2006,80905744
747,2006,117891227
748,2006,87840522
749,2006,5778982
750,2006,13869556
751,2006,2311593
752,2006,34673890
753,2006,18492742
754,2006,115579635
755,2006,9246371
756,2006,28894909
757,2006,172213656
758,2006,13869556
759,2006,7512676
760,2006,86684726
761,2006,17336945
762,2006,57789817
763,2006,12713760
764,2006,86684726
765,2006,52010836
766,2006,15025353
767,2006,16181149
768,2006,9246371
769,2006,953532
770,2006,31206501
771,2006,23115927
772,2006,46231854
773,2006,34673890
774,2006,86684726
775,2006,36985483
776,2006,127137598
777,2006,31784400
778,2006,173369
779,2006,98242689
780,2006,15025353
781,2006,73624227
782,2006,260054178
783,2006,184927415
784,2006,462319
785,2006,6125721
786,2006,13869556
787,2006,28894909
788,2006,2311593
789,2006,2311593
790,2006,57789817
791,2006,17625894
792,2006,19648538
793,2006,38141279
794,2006,19648538
795,2006,23115927
796,2006,34673890
797,2006,268144752
798,2006,34673890
799,2006,52010836
800,2006,60101410
801,2006,144474543
802,2006,3814128
803,2006,104021671
804,2006,40452872
805,2006,40452872
806,2006,23115927
807,2006,4276446
808,2006,98242689
809,2006,57789817
810,2006,19070640
811,2006,46231854
812,2006,22422449
813,2006,46231854
814,2006,63568799
815,2006,17336945
816,2006,9593110
817,2006,34673890
818,2006,10864486
819,2006,75126763
820,2006,17336945
821,2006,1155796
822,2006,242717233
823,2006,62413003
824,2006,40452872
825,2006,25427520
826,2005,65616822
827,2005,35790994
828,2005,178954969
829,2005,29825828
830,2005,95442650
831,2005,29825828
832,2005,23860663
833,2005,3459796
834,2005,536865
835,2005,16583160
836,2005,8351232
837,2005,178954969
838,2005,5368649
839,2005,104986915
840,2005,53686491
841,2005,89477485
842,2005,536865
843,2005,35790994
844,2005,41756160
845,2005,51300425
846,2005,71581988
847,2005,9544265
848,2005,59651656
849,2005,83512319
850,2005,104390399
851,2005,65616822
852,2005,167024638
853,2005,8351232
854,2005,1133381
855,2005,178954969
856,2005,59651656
857,2005,29825828
858,2005,65616822
859,2005,20878080
860,2005,5726559
861,2005,3340493
862,2005,29825828
863,2005,85898385
864,2005,1193033
865,2005,69195921
866,2005,246957858
867,2005,131233644
868,2005,17895497
869,2005,50107391
870,2005,89477485
871,2005,59651656
872,2005,17895497
873,2005,2386066
874,2005,101407816
875,2005,4772133
876,2005,71581988
877,2005,131233644
878,2005,89477485
879,2005,35790994
880,2005,77547153
881,2005,33404928
882,2005,23860663
883,2005,31018861
884,2005,47721325
885,2005,95442650
886,2005,5965166
887,2005,46528292
888,2005,8947748
889,2005,47721325
890,2005,357910
891,2005,71581988
892,2005,119303313
893,2005,137198810
894,2005,164638572
895,2005,2386066
896,2005,8947748
897,2005,31018861
898,2005,59651656
899,2005,22071113
900,2005,1789550
901,2005,214745963
902,2005,30422345
903,2005,8351232
904,2005,8351232
905,2005,21474596
906,2005,21474596
907,2005,53686491
908,2005,143163975
909,2005,34001444
910,2005,95442650
911,2005,35790994
912,2005,59651656
913,2005,47721325
914,2005,1789550
915,2005,17895497
916,2005,1193033
917,2005,5666907
918,2005,59651656
919,2005,1342162
920,2005,34597961
921,2005,157480373
922,2005,3579099
923,2005,11930331
924,2005,53686491
925,2005,77547153
926,2004,36995786
927,2004,14798315
928,2004,92489466
929,2004,23430665
930,2004,8015754
931,2004,67825608
932,2004,30829822
933,2004,135651216
934,2004,86323501
935,2004,18497893
936,2004,2466386
937,2004,61659644
938,2004,123319288
939,2004,55493679
940,2004,43161751
941,2004,73991573
942,2004,24663858
943,2004,9006109
944,2004,4316175
945,2004,34529401
946,2004,36995786
947,2004,43161751
948,2004,24663858
949,2004,12331929
950,2004,30829822
951,2004,92489466
952,2004,3082982
953,2004,11098736
954,2004,160315074
955,2004,73991573
956,2004,135651216
957,2004,27130243
958,2004,129485252
959,2004,32063015
960,2004,13565122
961,2004,24663858
962,2004,8015754
963,2004,123319288
964,2004,3946217
965,2004,22197472
966,2004,36995786
967,2004,34529401
968,2004,2096428
969,2004,493277
970,2004,49327715
971,2004,8632
972,2004,61659644
973,2004,49327715
974,2004,61659644
975,2004,6165964
976,2004,1479831
977,2004,49327715
978,2004,92489466
979,2004,6165964
980,2004,86323501
981,2004,20964279
982,2004,86323501
983,2004,92489466
984,2004,246638575
985,2004,24663858
986,2004,135651216
987,2004,104821395
988,2004,16031507
989,2004,147983145
990,2004,154149110
991,2004,12331929
992,2004,113453745
993,2004,61659644
994,2004,36995786
995,2004,67825608
996,2004,209642789
997,2004,55493679
998,2004,123319288
999,2004,92489466
1000,2004,88398934
1001,2004,36995786
1002,2004,184978932
1003,2004,209642789
1004,2004,13565122
1005,2004,24663858
1006,2004,43161751
1007,2003,96222609
1008,2003,25321739
1009,2003,88626087
1010,2003,25321739
1011,2003,102553043
1012,2003,151930435
1013,2003,101286957
1014,2003,31652174
1015,2003,75965217
1016,2003,101286957
1017,2003,8862609
1018,2003,86093913
1019,2003,32918261
1020,2003,119012174
1021,2003,32918261
1022,2003,15193043
1023,2003,8102957
1024,2003,25321739
1025,2003,94956522
1026,2003,20890435
1027,2003,63304348
1028,2003,173453913
1029,2003,35450435
1030,2003,15193043
1031,2003,31652174
1032,2003,69634783
1033,2003,113947826
1034,2003,31652174
1035,2003,2532174
1036,2003,5064348
1037,2003,56973913
1038,2003,170921739
1039,2003,82295652
1040,2003,6330435
1041,2003,37982609
1042,2003,126608696
1043,2003,158260870
1044,2003,35450435
1045,2003,88626087
1046,2003,56973913
1047,2003,37982609
1048,2003,63304348
1049,2003,7596522
1050,2003,75965217
1051,2003,101286957
1052,2003,50643478
1053,2003,9875478
1054,2003,215234783
1055,2003,107617391
1056,2003,75965217
1057,2003,25321739
1058,2003,177252174
1059,2003,98754783
1060,2003,119012174
1061,2003,160793043
1062,2003,139269565
1063,2003,82295652
1064,2003,25321739
1065,2003,2532174
1066,2003,101286957
1067,2003,949565
1068,2003,27853913
1069,2003,12660870
1070,2003,158260870
1071,2002,5828306
1072,2002,10361434
1073,2002,10361434
1074,2002,53102348
1075,2002,38855376
1076,2002,23960815
1077,2002,11656613
1078,2002,16189740
1079,2002,81596291
1080,2002,7253004
1081,2002,69939678
1082,2002,38855376
1083,2002,1942769
1084,2002,38855376
1085,2002,67349319
1086,2002,38855376
1087,2002,15542151
1088,2002,64758961
1089,2002,183915449
1090,2002,25903584
1091,2002,25903584
1092,2002,17484919
1093,2002,15542151
1094,2002,38855
1095,2002,125632384
1096,2002,9066255
1097,2002,129517922
1098,2002,54397527
1099,2002,90662545
1100,2002,84186649
1101,2002,11656613
1102,2002,59578244
1103,2002,103614337
1104,2002,71234857
1105,2002,2266564
1106,2002,181325090
1107,2002,132108280
1108,2002,64758961
1109,2002,6475896
1110,2002,62168602
1111,2002,14246971
1112,2002,45331273
1113,2002,9066255
1114,2002,3885538
1115,2002,101023979
1116,2002,77710753
1117,2002,45331273
1118,2002,108795054
1119,2002,91572563
1120,2002,41445735
1121,2002,60873423
1122,2002,180029911
1123,2002,103614337
1124,2002,5828306
1125,2002,49216810
1126,2002,77710753
1127,2002,148945610
1128,2002,129517922
1129,2002,12951792
1130,2002,77710753
1131,2002,15542151
1132,2002,10361434
1133,2002,32379480
1134,2002,19427688
1135,2002,121746846
1136,2002,32379480
1137,2002,25903584
1138,2002,62168602
1139,2002,5180717
1140,2002,84186649
1141,2002,55692706
1142,2002,27198764
1143,2002,77710753
1144,2002,129517922
1145,2002,19427688
1146,2002,77710753
1147,2002,90662545
1148,2002,5569271
1149,2002,20722867
1150,2002,90662545
1151,2001,102635985
1152,2001,53949684
1153,2001,36843687
1154,2001,46054609
1155,2001,39475379
1156,2001,118426136
1157,2001,118426136
1158,2001,125005366
1159,2001,39475379
1160,2001,32896149
1161,2001,65792298
1162,2001,5921307
1163,2001,94740909
1164,2001,105267677
1165,2001,46054609
1166,2001,7237153
1167,2001,23685227
1168,2001,114478598
1169,2001,164480745
1170,2001,7895076
1171,2001,13158460
1172,2001,52633838
1173,2001,18421843
1174,2001,28948611
1175,2001,13158460
1176,2001,28948611
1177,2001,63160606
1178,2001,32896149
1179,2001,1973769
1180,2001,921092
1181,2001,123689520
1182,2001,23685227
1183,2001,328961
1184,2001,98688447
1185,2001,1579015
1186,2001,151322285
1187,2001,69739836
1188,2001,19737689
1189,2001,8552999
1190,2001,111846906
1191,2001,92109217
1192,2001,199350663
1193,2001,17105997
1194,2001,52633838
1195,2001,13158460
1196,2001,65792298
1197,2001,30264457
1198,2001,46054609
1199,2001,3947538
1200,2001,50002146
1201,2001,28948611
1202,2001,11842614
1203,2001,143427209
1204,2001,94740909
1205,2001,64476452
1206,2001,22369381
1207,2001,39475379
1208,2001,36843687
1209,2001,36843687
1210,2001,25001073
1211,2001,59213068
1212,2001,13158460
1213,2001,92109217
1214,2001,36843687
1215,2000,58175060
1216,2000,81174503
1217,2000,10823267
1218,2000,67645419
1219,2000,8117450
1220,2000,6764542
1221,2000,12176175
1222,2000,13529084
1223,2000,114997212
1224,2000,13529084
1225,2000,24352351
1226,2000,121761754
1227,2000,56822152
1228,2000,33822710
1229,2000,60880877
1230,2000,16911355
1231,2000,18940717
1232,2000,60880877
1233,2000,67645419
1234,2000,31116893
1235,2000,139349563
1236,2000,139755436
1237,2000,27058168
1238,2000,121761754
1239,2000,108232671
1240,2000,20293626
1241,2000,74409961
1242,2000,6764542
1243,2000,60880877
1244,2000,121761754
1245,2000,35175618
1246,2000,31116893
1247,2000,40587251
1248,2000,108232671
1249,2000,40587251
1250,2000,6088088
1251,2000,32469801
1252,2000,33822710
1253,2000,40587251
1254,2000,5411634
1255,2000,54116335
1256,2000,5817506
1257,2000,74409961
1258,2000,13529084
1259,2000,2435235
1260,2000,67645419
1261,2000,47351793
1262,2000,135290838
1263,2000,13529084
1264,2000,148819922
1265,2000,128526296
1266,2000,12176175
1267,2000,32469801
1268,2000,108232671
1269,2000,101468129
1270,2000,99091212
1271,2000,304404
1272,2000,101468129
1273,2000,121761754
1274,2000,87939045
1275,2000,20293626
1276,2000,20293626
1277,2000,101468129
1278,1999,18180006
1279,1999,55938481
1280,1999,20976930
1281,1999,16781544
1282,1999,41953861
1283,1999,104884652
1284,1999,32164627
1285,1999,48946171
1286,1999,18180006
1287,1999,13984620
1288,1999,50344633
1289,1999,2796924
1290,1999,1678154
1291,1999,29367703
1292,1999,15383082
1293,1999,18180006
1294,1999,13984620
1295,1999,13984620
1296,1999,11886927
1297,1999,90900032
1298,1999,90900032
1299,1999,37758475
1300,1999,69923101
1301,1999,62930791
1302,1999,33563089
1303,1999,9090003
1304,1999,4195386
1305,1999,51743095
1306,1999,33563089
1307,1999,95095418
1308,1999,58735405
1309,1999,13984620
1310,1999,69923101
1311,1999,41953861
1312,1999,16781544
1313,1999,97892342
1314,1999,29367703
1315,1999,160823133
1316,1999,146838513
1317,1999,202776994
1318,1999,174807753
1319,1999,839077
1320,1999,9789234
1321,1999,83907722
1322,1999,111876962
1323,1999,69923101
1324,1999,90900032
1325,1999,111876962
1326,1999,55938481
1327,1999,55938481
1328,1999,27969241
1329,1999,27969241
1330,1999,125861583
1331,1999,104884652
1332,1999,244730855
1333,1999,41953861
1334,1998,18578720
1335,1998,64310954
1336,1998,14291323
1337,1998,200078524
1338,1998,75744013
1339,1998,64310954
1340,1998,35728308
1341,1998,2143698
1342,1998,38586572
1343,1998,114330585
1344,1998,21436985
1345,1998,35728308
1346,1998,121476247
1347,1998,37157440
1348,1998,26438948
1349,1998,1857872
1350,1998,2858265
1351,1998,178641539
1352,1998,24295249
1353,1998,4287397
1354,1998,42873969
1355,1998,8574794
1356,1998,1929329
1357,1998,114330585
1358,1998,85747939
1359,1998,128621908
1360,1998,68598351
1361,1998,97181
1362,1998,85747939
1363,1998,92893600
1364,1998,57165293
1365,1998,17149588
1366,1998,2500982
1367,1998,50019631
1368,1998,14291323
1369,1998,1429132
1370,1998,92893600
1371,1998,37157440
1372,1998,114330585
1373,1998,8574794
1374,1998,7145662
1375,1998,57165293
1376,1998,2858265
1377,1998,104326659
1378,1998,100039262
1379,1998,71456616
1380,1998,85747939
1381,1998,21436985
1382,1998,21436985
1383,1998,50019631
1384,1998,92893600
1385,1998,71456616
1386,1998,85747939
1387,1998,28582646
1388,1998,74314880
1389,1998,85747939
1390,1998,31440911
1391,1998,20007852
1392,1998,28582646
1393,1998,12862191
1394,1998,28582646
1395,1998,92893600
1396,1997,40634668
1397,1997,4353714
1398,1997,123355241
1399,1997,87074287
1400,1997,76915621
1401,1997,72561906
1402,1997,26122286
1403,1997,181404766
1404,1997,21768572
1405,1997,46439620
1406,1997,362810
1407,1997,4208591
1408,1997,2902476
1409,1997,116099050
1410,1997,116099050
1411,1997,130611431
1412,1997,7256191
1413,1997,87074287
1414,1997,58049525
1415,1997,116099050
1416,1997,72561906
1417,1997,52244573
1418,1997,79818097
1419,1997,14512381
1420,1997,21768572
1421,1997,101586669
1422,1997,24671048
1423,1997,36281
1424,1997,17414858
1425,1997,39183429
1426,1997,50793334
1427,1997,65305716
1428,1997,130611431
1429,1997,29024763
1430,1997,43537144
1431,1997,50793334
1432,1997,66756954
1433,1997,1451238
1434,1997,34829715
1435,1997,29024763
1436,1997,50793334
1437,1997,58049525
1438,1997,145123812
1439,1997,82720573
1440,1997,137867622
1441,1997,72561906
1442,1997,108842859
1443,1997,72561906
1444,1997,116099050
1445,1997,290247625
1446,1997,130611431
1447,1996,5049561
1448,1996,6683242
1449,1996,96535720
1450,1996,81684071
1451,1996,84654401
1452,1996,8762473
1453,1996,74258246
1454,1996,29703299
1455,1996,10396154
1456,1996,4455495
1457,1996,29703299
1458,1996,2970330
1459,1996,19307144
1460,1996,111387369
1461,1996,89109896
1462,1996,37129123
1463,1996,371291
1464,1996,118813194
1465,1996,118813194
1466,1996,21534891
1467,1996,22277474
1468,1996,6683242
1469,1996,13366484
1470,1996,118813194
1471,1996,26732969
1472,1996,68317587
1473,1996,74258246
1474,1996,3712912
1475,1996,69802752
1476,1996,22277474
1477,1996,51980772
1478,1996,81684071
1479,1996,44554948
1480,1996,66832422
1481,1996,148516493
1482,1996,96535720
1483,1996,62376927
1484,1996,111387369
1485,1996,4604011
1486,1996,130694514
1487,1996,1485165
1488,1996,445549
1489,1995,99370665
1490,1995,76438973
1491,1995,152877946
1492,1995,3821949
1493,1995,110072121
1494,1995,79496532
1495,1995,84082870
1496,1995,20944279
1497,1995,76438973
1498,1995,30575589
1499,1995,137590151
1500,1995,6115118
1501,1995,30575589
1502,1995,99370665
1503,1995,9325555
1504,1995,30575589
1505,1995,76438973
1506,1995,84082870
1507,1995,42805825
1508,1995,88669209
1509,1995,50449722
1510,1995,45863384
1511,1995,25224861
1512,1995,61151178
1513,1995,53507281
1514,1995,38219486
1515,1995,94784326
1516,1995,33633148
1517,1995,382195
1518,1995,33633148
1519,1995,48920943
1520,1995,9172677
1521,1995,45863384
1522,1995,44334604
1523,1995,267536405
1524,1995,1223024
1525,1994,18859976
1526,1994,78583235
1527,1994,42435
1528,1994,22003306
1529,1994,25146635
1530,1994,28289965
1531,1994,86441558
1532,1994,47149941
1533,1994,23574970
1534,1994,47149941
1535,1994,15716647
1536,1994,94299882
1537,1994,12573318
1538,1994,47149941
1539,1994,86441558
1540,1994,55008264
1541,1994,70724911
1542,1994,62866588
1543,1994,124633011
1544,1994,28289965
1545,1994,34576623
1546,1994,62866588
1547,1994,39291617
1548,1994,70724911
1549,1994,44006612
1550,1994,157166470
1551,1993,104809829
1552,1993,22574425
1553,1993,11125966
1554,1993,40311473
1555,1993,23541900
1556,1993,45148849
1557,1993,101584911
1558,1993,40311473
1559,1993,483738
1560,1993,40311473
1561,1993,67723274
1562,1993,54823603
1563,1993,70948192
1564,1993,38699014
1565,1993,24186884
1566,1993,40311473
1567,1992,54791459
1568,1992,66413889
1569,1992,46489723
1570,1992,91319098
1571,1992,18263820
1572,1992,132827779
1573,1992,11622431
1574,1992,91319098
1575,1992,11622
1576,1992,20754340
1577,1992,69734584
1578,1992,33206945
1579,1992,58112153
1580,1992,18263820
1581,1992,1992417
1582,1992,6641389
1583,1992,16603472
1584,1992,19924167
1585,1992,13282778
1586,1992,33206945
1587,1991,34216807
1588,1991,34216807
1589,1991,119758826
1590,1991,111204624
1591,1991,85542018
1592,1991,39349
1593,1991,46192690
1594,1991,42771009
1595,1991,171084037
1596,1991,51325211
1597,1991,39349328
1598,1991,34216807
1599,1991,23951765
1600,1990,71319016
1601,1990,23178680
1602,1990,12480828
1603,1990,124808278
1604,1990,35659508
1605,1990,46357360
1606,1990,39225459
1607,1990,44574385
1608,1990,26744631
1609,1990,12480828
1610,1990,62404139
1611,1990,24961656
1612,1990,53489262
1613,1990,222871925
1614,1990,17829754
1615,1989,75183554
1616,1989,65785609
1617,1989,18795888
1618,1989,30825257
1619,1989,16916300
1620,1989,90220264
1621,1989,78942731
1622,1989,20675477
1623,1989,18795888
1624,1989,2255507
1625,1989,56387665
1626,1989,131571219
1627,1989,33832599
1628,1989,9397944
1629,1988,13787529
1630,1988,15757176
1631,1988,29544705
1632,1988,2954471
1633,1988,17726823
1634,1988,27575058
1635,1988,55150116
1636,1988,59089410
1637,1988,31514352
1638,1988,11817882
1639,1988,18711647
1640,1988,49241175
1641,1988,63028704
1642,1988,24226658
1643,1988,13787529
1644,1988,7878588
1645,1988,29544705
1646,1988,137875291
1647,1988,25605411
1648,1987,41007948
1649,1987,7176391
1650,1987,28705563
1651,1987,26655166
1652,1987,2050397
1653,1987,30755961
1654,1987,36907153
1655,1987,32806358
1656,1987,246047687
1657,1987,46544021
1658,1987,34856756
1659,1987,51259935
1660,1987,17428378
1661,1987,30755961
1662,1986,36104000
1663,1986,10618824
1664,1986,33980236
1665,1986,63712942
1666,1986,63712942
1667,1986,38227765
1668,1986,12742588
1669,1986,16990118
1670,1986,31856471
1671,1986,31856471
1672,1985,41136059
1673,1985,32475836
1674,1985,21650558
1676,1985,43301115
1677,1985,54126394
1679,1985,38754498
1680,1985,58456506
1681,1985,32475836
1682,1984,78450540
1683,1984,40345992
1684,1984,33621660
1685,1984,22414440
1686,1984,40345992
1687,1984,100864980
1688,1984,5827754
1689,1984,67243320
1690,1984,24655884
1691,1984,62760432
1692,1984,10086498
1693,1984,3362166
1694,1984,17931552
1695,1984,40345992
1696,1984,89657760
1697,1984,14345242
1698,1983,16375486
1699,1983,76029041
1700,1983,91234849
1701,1983,13923842
1702,1983,28072261
1703,1982,67571504
1704,1982,30165850
1705,1982,48265360
1706,1982,12066340
1707,1982,25339314
1708,1982,10859706
1709,1982,33785752
1710,1982,5429853
1711,1982,25821968
1712,1982,9653072
1713,1982,28959216
1714,1982,49471994
1715,1982,36199020
1716,1982,41025556
1717,1981,30742635
1718,1981,15371317
1719,1981,3202358
1720,1981,6404716
1721,1981,23825542
1722,1981,28180748
1723,1981,51237724
1724,1981,960707
1725,1981,30742635
1726,1980,9897188
1727,1980,56555357
1728,1980,50899822
1729,1980,98971875
1730,1980,48072054
1731,1980,124421786
1732,1980,42416518
1733,1980,50899822
1734,1980,14421616
1735,1980,65038661
1736,1980,152699465
1737,1980,76349732
1738,1980,50899822
1739,1980,53727589
1740,1979,28886103
1741,1979,101101360
1742,1979,99496576
1743,1979,112334844
1744,1979,59376989
1745,1978,10712118
1746,1978,99979768
1747,1978,10712118
1748,1978,21424236
1749,1978,53560590
1750,1978,6248735
1751,1978,196388829
1752,1978,53560590
1753,1977,99921804
1754,1977,15372585
1755,1977,76862926
1756,1977,384315
1757,1977,13066697
1758,1977,23058878
1759,1977,42274609
1760,1976,122754817
1761,1976,12275482
1762,1976,28642791
1763,1976,15548943
1764,1976,4091827
1765,1976,18004040
1766,1976,40918272
1767,1976,4091827
1768,1975,47609104
1769,1975,51937204
1770,1975,1731240
1771,1975,19043641
1772,1975,5193720
1773,1974,42513535
1774,1974,12281688
1775,1974,7557962
1776,1974,61408439
1777,1974,661322
1778,1974,661322
1779,1974,13226433
1780,1973,4074506
1781,1973,82329139
1782,1973,10487788
1783,1973,62926730
1784,1973,28841418
1786,1972,66866
1787,1972,39004975
1788,1971,14386286
1789,1971,305063707
1790,1971,143862856
1791,1971,12659931
1792,1971,17263543
1793,1970,5997631
